ACCELEROMETER X (m/s²),ACCELEROMETER Y (m/s²),ACCELEROMETER Z (m/s²),PROXIMITY (i),SOUND LEVEL (dB),LOCATION Latitude : ,LOCATION Longitude : ,LOCATION Altitude ( m),LOCATION Altitude-google ( m),LOCATION Speed ( Kmh),LOCATION Accuracy ( m),LOCATION ORIENTATION (°),Satellites in range,Time since start in ms ,YYYY-MO-DD HH-MI-SS_SSS
-0.3831,5.8897,7.3167,8,47.261,,,,NaN,,,,0 / 0,26,2022-03-16 14:07:17:870
-0.4453,6.043,7.5322,8,46.526,,,,NaN,,,,0 / 0,526,2022-03-16 14:07:18:370
-0.3974,5.5498,8.011,8,45.224,,,,NaN,,,,0 / 0,1026,2022-03-16 14:07:18:870
-0.3735,6.0047,7.8769,8,46.547,,,,NaN,,,,0 / 0,1526,2022-03-16 14:07:19:370
-0.498,6.1914,7.5178,8,46.312,,,,NaN,,,,0 / 0,2026,2022-03-16 14:07:19:870
-0.6943,6.1675,7.6902,8,46.097,,,,NaN,,,,0 / 0,2526,2022-03-16 14:07:20:370
-0.5555,5.9903,7.6902,8,45.796,,,,NaN,,,,0 / 0,3026,2022-03-16 14:07:20:870
-1.5706,6.7564,6.9671,8,46.707,,,,NaN,,,,0 / 0,3527,2022-03-16 14:07:21:371
-1.3838,6.7708,6.6272,8,51.237,,,,NaN,,,,0 / 0,4026,2022-03-16 14:07:21:870
-0.5363,6.0238,7.6662,8,46.665,,,,NaN,,,,0 / 0,4526,2022-03-16 14:07:22:370
-0.1867,5.7269,8.0589,8,46.755,,,,NaN,,,,0 / 0,5026,2022-03-16 14:07:22:870
-0.2203,5.7078,8.0493,8,47.718,,,,NaN,,,,0 / 0,5526,2022-03-16 14:07:23:370
-0.1628,5.6503,7.9727,8,45.355,,,,NaN,,,,0 / 0,6026,2022-03-16 14:07:23:870
-0.1053,5.4684,8.2935,8,49.498,,,,NaN,,,,0 / 0,6526,2022-03-16 14:07:24:370
-0.4262,5.928,7.6902,8,48.617,,,,NaN,,,,0 / 0,7026,2022-03-16 14:07:24:870
-1.6616,6.6607,6.9576,8,51.099,,,,NaN,,,,0 / 0,7526,2022-03-16 14:07:25:370
-1.2737,6.5936,7.4939,8,45.365,,,,NaN,,,,0 / 0,8026,2022-03-16 14:07:25:870
-0.5794,6.0621,7.7141,8,46.741,,,,NaN,,,,0 / 0,8526,2022-03-16 14:07:26:370
-1.1157,6.3494,7.4939,8,45.867,,,,NaN,,,,0 / 0,9026,2022-03-16 14:07:26:870
-0.9433,6.3015,7.4651,8,45.972,,,,NaN,,,,0 / 0,9526,2022-03-16 14:07:27:370
-1.3551,6.4021,7.3119,8,45.844,,,,NaN,,,,0 / 0,10026,2022-03-16 14:07:27:870
-0.8667,6.1579,7.7045,8,45.719,,,,NaN,,,,0 / 0,10526,2022-03-16 14:07:28:370
-1.2354,6.45,7.4316,8,45.903,,,,NaN,,,,0 / 0,11026,2022-03-16 14:07:28:870
-0.8523,6.1339,7.3694,8,47.283,,,,NaN,,,,0 / 0,11526,2022-03-16 14:07:29:370
-0.838,6.2345,7.4891,8,45.751,,,,NaN,,,,0 / 0,12026,2022-03-16 14:07:29:870
-0.9194,6.1627,7.3023,8,46.521,,,,NaN,,,,0 / 0,12526,2022-03-16 14:07:30:370
-0.7326,5.9951,7.7285,8,46.308,,,,NaN,,,,0 / 0,13026,2022-03-16 14:07:30:870
-0.6752,5.9376,7.8913,8,49.223,,,,NaN,,,,0 / 0,13527,2022-03-16 14:07:31:371
-0.6847,6.0094,7.5322,8,47.651,,,,NaN,,,,0 / 0,14026,2022-03-16 14:07:31:870
-1.1588,6.2776,7.2449,8,46.915,,,,NaN,,,,0 / 0,14526,2022-03-16 14:07:32:370
-0.6512,5.952,7.5609,8,46.486,,,,NaN,,,,0 / 0,15026,2022-03-16 14:07:32:870
-0.7661,6.043,7.8386,8,46.877,,,,NaN,,,,0 / 0,15526,2022-03-16 14:07:33:370
-0.752,6.1,7.58,8,45.58,,,,NaN,,,,0 / 0,16026,2022-03-16 14:07:33:870
-0.752,6.124,7.494,8,46,,,,NaN,,,,0 / 0,16526,2022-03-16 14:07:34:370
-0.675,6.072,7.709,8,46.93,,,,NaN,,,,0 / 0,17026,2022-03-16 14:07:34:870
-0.67,6.08,8.26,8,45.4,,,,NaN,,,,0 / 0,17526,2022-03-16 14:07:35:370
-1.05,6.31,7.51,8,46.9,,,,NaN,,,,0 / 0,18026,2022-03-16 14:07:35:870
-0.9,6.3,7.4,8,55,,,,NaN,,,,0 / 0,18527,2022-03-16 14:07:36:371
-1,6.2,8.3,8,48,,,,NaN,,,,0 / 0,19027,2022-03-16 14:07:36:871
-1,6,7,8,47,,,,NaN,,,,0 / 0,19526,2022-03-16 14:07:37:370
-1,6,7,8,48,,,,NaN,,,,0 / 0,20026,2022-03-16 14:07:37:870
-1,6,7,8,46,,,,NaN,,,,0 / 0,20526,2022-03-16 14:07:38:370
-1,6,7,8,48,,,,NaN,,,,0 / 0,21026,2022-03-16 14:07:38:870
-0.9,6.4,7.6,8,49,,,,NaN,,,,0 / 0,21526,2022-03-16 14:07:39:370
-0.79,6.31,7.46,8,46.3,,,,NaN,,,,0 / 0,22026,2022-03-16 14:07:39:870
-0.737,6.249,7.647,8,50.88,,,,NaN,,,,0 / 0,22526,2022-03-16 14:07:40:370
-0.7135,6.3494,7.3358,8,47.21,,,,NaN,,,,0 / 0,23026,2022-03-16 14:07:40:870
-0.7757,6.3494,7.4268,8,45.347,,,,NaN,,,,0 / 0,23526,2022-03-16 14:07:41:370
-0.66559,6.359,7.46512,8,49.339,,,,NaN,,,,0 / 0,24026,2022-03-16 14:07:41:870
-0.5794,6.33985,7.50343,8,49.9481,,,,NaN,,,,0 / 0,24526,2022-03-16 14:07:42:370
-0.60334,6.41646,7.40287,8,48.843,,,,NaN,,,,0 / 0,25026,2022-03-16 14:07:42:870
-0.65601,6.41167,7.54174,8,52.0359,,,,NaN,,,,0 / 0,25526,2022-03-16 14:07:43:370
-0.39265,5.35822,8.56167,8,46.9581,,,,NaN,,,,0 / 0,26026,2022-03-16 14:07:43:870
-0.2059,5.68384,6.95276,8,47.1294,,,,NaN,,,,0 / 0,26526,2022-03-16 14:07:44:370
-0.22505,6.07648,7.3933,8,46.0003,,,,NaN,,,,0 / 0,27026,2022-03-16 14:07:44:870
-0.35434,6.21535,7.72848,8,46.1543,,,,NaN,,,,0 / 0,27526,2022-03-16 14:07:45:370
-0.54109,6.28717,7.53216,8,45.283,,,,NaN,,,,0 / 0,28026,2022-03-16 14:07:45:870
-0.60334,6.28239,7.53216,8,45.1849,,,,NaN,,,,0 / 0,28527,2022-03-16 14:07:46:371
-0.65122,6.21056,7.63272,8,46.2322,,,,NaN,,,,0 / 0,29026,2022-03-16 14:07:46:870
-0.63686,6.07648,7.65666,8,46.4654,,,,NaN,,,,0 / 0,29526,2022-03-16 14:07:47:370
-0.68953,6.14831,7.54174,8,46.9432,,,,NaN,,,,0 / 0,30026,2022-03-16 14:07:47:870
-0.65122,6.19141,7.66145,8,45.7818,,,,NaN,,,,0 / 0,30526,2022-03-16 14:07:48:370
-0.74699,5.99987,7.70933,8,51.0016,,,,NaN,,,,0 / 0,31026,2022-03-16 14:07:48:870
-0.59376,5.63116,7.99185,8,48.0113,,,,NaN,,,,0 / 0,31526,2022-03-16 14:07:49:370
-0.68953,5.6551,8.00142,8,47.617,,,,NaN,,,,0 / 0,32026,2022-03-16 14:07:49:870
-0.7422,5.67905,7.79073,8,48.1039,,,,NaN,,,,0 / 0,32526,2022-03-16 14:07:50:370
-0.73741,5.68862,8.011,8,45.6966,,,,NaN,,,,0 / 0,33026,2022-03-16 14:07:50:870
-0.71347,5.61201,7.95354,8,46.351,,,,NaN,,,,0 / 0,33526,2022-03-16 14:07:51:370
-0.78051,5.70778,7.81946,8,47.0046,,,,NaN,,,,0 / 0,34026,2022-03-16 14:07:51:870
-0.6177,6.13395,7.82425,8,46.1776,,,,NaN,,,,0 / 0,34526,2022-03-16 14:07:52:370
-2.46124,6.83305,7.21612,8,47.6761,,,,NaN,,,,0 / 0,35027,2022-03-16 14:07:52:871
-2.39899,6.94797,6.34463,8,46.367,,,,NaN,,,,0 / 0,35526,2022-03-16 14:07:53:370
-0.49321,6.17225,7.97748,8,45.9991,,,,NaN,,,,0 / 0,36026,2022-03-16 14:07:53:870
-0.43096,6.25366,7.58483,8,46.0286,,,,NaN,,,,0 / 0,36526,2022-03-16 14:07:54:370
-0.43574,6.24408,7.66623,8,45.5399,,,,NaN,,,,0 / 0,37026,2022-03-16 14:07:54:870
-0.43574,6.28717,7.52258,8,47.2585,,,,NaN,,,,0 / 0,37526,2022-03-16 14:07:55:370
-2.12605,6.72771,5.70299,8,45.8842,,,,NaN,,,,0 / 0,38026,2022-03-16 14:07:55:870
-0.34955,6.26323,7.3502,8,48.1592,,,,NaN,,,,0 / 0,38526,2022-03-16 14:07:56:370
-0.27773,6.22971,7.89129,8,46.7662,,,,NaN,,,,0 / 0,39027,2022-03-16 14:07:56:871
-0.04788,6.1531,7.56568,8,49.3608,,,,NaN,,,,0 / 0,39526,2022-03-16 14:07:57:370
0.01915,6.21535,7.73806,8,46.1138,,,,NaN,,,,0 / 0,40026,2022-03-16 14:07:57:870
-0.01915,6.19141,7.67102,8,45.8103,,,,NaN,,,,0 / 0,40526,2022-03-16 14:07:58:370
-0.08619,6.17704,7.69975,8,45.7778,,,,NaN,,,,0 / 0,41026,2022-03-16 14:07:58:870
0.00479,6.20577,7.57047,8,45.2329,,,,NaN,,,,0 / 0,41526,2022-03-16 14:07:59:370
2.41814,6.81869,6.22014,8,48.9521,,,,NaN,,,,0 / 0,42026,2022-03-16 14:07:59:870
-1.05345,9.16979,5.26246,8,52.1988,,,,NaN,,,,0 / 0,42526,2022-03-16 14:08:00:370
-4.22337,6.77559,3.95522,8,52.5335,,,,NaN,,,,0 / 0,43026,2022-03-16 14:08:00:870
-1.73819,7.61356,1.15879,8,49.8832,,,,NaN,,,,0 / 0,43526,2022-03-16 14:08:01:370
0.78051,10.33816,-0.59855,8,46.6975,,,,NaN,,,,0 / 0,44026,2022-03-16 14:08:01:870
-0.69911,9.98861,-0.46448,8,49.1123,,,,NaN,,,,0 / 0,44526,2022-03-16 14:08:02:370
-0.36871,10.69729,2.58095,8,46.3818,,,,NaN,,,,0 / 0,45026,2022-03-16 14:08:02:870
-0.13408,9.32302,3.25133,8,47.4453,,,,NaN,,,,0 / 0,45526,2022-03-16 14:08:03:370
0.73741,10.79785,3.6344,8,47.3814,,,,NaN,,,,0 / 0,46026,2022-03-16 14:08:03:870
-0.14844,9.19373,0.30646,8,52.0061,,,,NaN,,,,0 / 0,46526,2022-03-16 14:08:04:370
0.26815,8.49463,-0.34955,8,46.2201,,,,NaN,,,,0 / 0,47026,2022-03-16 14:08:04:870
0.49321,10.23282,1.78607,8,46.0404,,,,NaN,,,,0 / 0,47526,2022-03-16 14:08:05:370
-0.15323,11.12825,4.9943,8,46.843,,,,NaN,,,,0 / 0,48026,2022-03-16 14:08:05:870
1.13964,7.5561,1.59454,8,47.1492,,,,NaN,,,,0 / 0,48526,2022-03-16 14:08:06:370
0.87149,12.39718,1.01993,8,45.9925,,,,NaN,,,,0 / 0,49026,2022-03-16 14:08:06:870
0.47884,11.37725,2.82516,8,46.7607,,,,NaN,,,,0 / 0,49526,2022-03-16 14:08:07:370
-0.50757,4.9129,-0.54588,8,56.0045,,,,NaN,,,,0 / 0,50026,2022-03-16 14:08:07:870
1.49398,13.13938,1.15401,8,45.8442,,,,NaN,,,,0 / 0,50526,2022-03-16 14:08:08:370
-0.00479,26.20693,9.98382,8,47.5594,,,,NaN,,,,0 / 0,51026,2022-03-16 14:08:08:870
-0.75178,-0.00958,-1.75734,8,55.564,,,,NaN,,,,0 / 0,51526,2022-03-16 14:08:09:370
0.04788,-1.34075,-2.03986,8,48.2833,,,,NaN,,,,0 / 0,52027,2022-03-16 14:08:09:871
-0.39265,0.23942,0.01437,8,46.301,,,,NaN,,,,0 / 0,52526,2022-03-16 14:08:10:370
-0.6177,11.91355,1.80044,8,46.3805,,,,NaN,,,,0 / 0,53026,2022-03-16 14:08:10:870
-2.03507,6.11958,1.79086,8,45.9235,,,,NaN,,,,0 / 0,53526,2022-03-16 14:08:11:370
0.51236,-1.47004,1.18752,8,47.533,,,,NaN,,,,0 / 0,54027,2022-03-16 14:08:11:871
-0.27773,10.66378,1.92973,8,45.8558,,,,NaN,,,,0 / 0,54526,2022-03-16 14:08:12:370
-8.77714,26.02497,6.4021,8,47.4944,,,,NaN,,,,0 / 0,55026,2022-03-16 14:08:12:870
4.10845,1.5275,2.96402,8,48.0532,,,,NaN,,,,0 / 0,55526,2022-03-16 14:08:13:370
1.39821,19.88624,3.04542,8,47.473,,,,NaN,,,,0 / 0,56026,2022-03-16 14:08:13:870
-4.05578,7.04374,0.50278,8,49.1723,,,,NaN,,,,0 / 0,56526,2022-03-16 14:08:14:370
3.75411,1.78129,3.73017,8,51.9064,,,,NaN,,,,0 / 0,57027,2022-03-16 14:08:14:871
-8.25521,4.93684,9.49062,8,48.8077,,,,NaN,,,,0 / 0,57526,2022-03-16 14:08:15:370
2.43251,8.93516,5.41568,8,46.4772,,,,NaN,,,,0 / 0,58026,2022-03-16 14:08:15:870
3.36625,10.67335,4.18985,8,49.9497,,,,NaN,,,,0 / 0,58526,2022-03-16 14:08:16:370
0.99599,8.69574,3.62961,8,59.3366,,,,NaN,,,,0 / 0,59026,2022-03-16 14:08:16:870
3.81636,9.22246,5.56891,8,45.5715,,,,NaN,,,,0 / 0,59527,2022-03-16 14:08:17:371
4.1276,9.86411,4.60644,8,44.6297,,,,NaN,,,,0 / 0,60026,2022-03-16 14:08:17:870
0.64165,9.05008,1.92015,8,44.4371,,,,NaN,,,,0 / 0,60526,2022-03-16 14:08:18:370
2.49955,8.37013,-1.84832,8,44.5001,,,,NaN,,,,0 / 0,61026,2022-03-16 14:08:18:870
5.55455,7.69975,-2.37984,8,46.0011,,,,NaN,,,,0 / 0,61526,2022-03-16 14:08:19:370
3.39977,8.47547,2.26491,8,46.4076,,,,NaN,,,,0 / 0,62026,2022-03-16 14:08:19:870
0.88585,7.8051,5.42047,8,46.7699,,,,NaN,,,,0 / 0,62526,2022-03-16 14:08:20:370
0.91459,7.63272,6.38773,8,56.7074,,,,NaN,,,,0 / 0,63026,2022-03-16 14:08:20:870
2.50434,8.12592,5.05655,8,49.1148,,,,NaN,,,,0 / 0,63526,2022-03-16 14:08:21:370
0.29688,8.88249,4.98473,8,46.6041,,,,NaN,,,,0 / 0,64026,2022-03-16 14:08:21:870
-0.91937,8.65743,6.61757,8,45.7154,,,,NaN,,,,0 / 0,64526,2022-03-16 14:08:22:370
1.27372,7.29274,7.52258,8,46.0284,,,,NaN,,,,0 / 0,65026,2022-03-16 14:08:22:870
0.72305,7.3933,5.44441,8,48.1464,,,,NaN,,,,0 / 0,65526,2022-03-16 14:08:23:370
-0.35434,10.71166,3.15556,8,48.2043,,,,NaN,,,,0 / 0,66026,2022-03-16 14:08:23:870
-1.09176,7.24485,-3.18429,8,53.2971,,,,NaN,,,,0 / 0,66526,2022-03-16 14:08:24:370
0.40701,11.48738,1.17316,8,44.907,,,,NaN,,,,0 / 0,67026,2022-03-16 14:08:24:870
-0.04788,10.9846,2.58095,8,44.8552,,,,NaN,,,,0 / 0,67527,2022-03-16 14:08:25:371
0.69911,5.98072,-2.55222,8,44.4552,,,,NaN,,,,0 / 0,68026,2022-03-16 14:08:25:870
-2.38462,8.77236,2.24097,8,45.2381,,,,NaN,,,,0 / 0,68526,2022-03-16 14:08:26:370
4.49631,11.14261,5.15232,8,60.1322,,,,NaN,,,,0 / 0,69026,2022-03-16 14:08:26:870
-3.74932,7.58004,1.55144,8,53.2773,,,,NaN,,,,0 / 0,69526,2022-03-16 14:08:27:370
-3.41413,9.46189,3.66313,8,50.7973,,,,NaN,,,,0 / 0,70026,2022-03-16 14:08:27:870
-1.12527,10.46266,3.89297,8,47.0477,,,,NaN,,,,0 / 0,70526,2022-03-16 14:08:28:370
8.14986,5.00388,-0.42138,8,51.9743,,,,NaN,,,,0 / 0,71026,2022-03-16 14:08:28:870
-4.89375,10.97502,6.98628,8,47.9697,,,,NaN,,,,0 / 0,71526,2022-03-16 14:08:29:370
-0.5794,4.35745,0.21548,8,52.3686,,,,NaN,,,,0 / 0,72026,2022-03-16 14:08:29:870
-5.31992,13.34049,8.43238,8,54.8047,,,,NaN,,,,0 / 0,72526,2022-03-16 14:08:30:370
-6.33027,16.58224,6.5649,8,53.1392,,,,NaN,,,,0 / 0,73026,2022-03-16 14:08:30:870
2.43251,7.06768,-0.70868,8,53.9576,,,,NaN,,,,0 / 0,73526,2022-03-16 14:08:31:370
2.86347,15.62935,11.07079,8,58.8799,,,,NaN,,,,0 / 0,74026,2022-03-16 14:08:31:870
0.24421,2.64799,0.64643,8,56.128,,,,NaN,,,,0 / 0,74526,2022-03-16 14:08:32:370
4.79798,11.87045,6.03339,8,49.2613,,,,NaN,,,,0 / 0,75026,2022-03-16 14:08:32:870
-2.806,5.6551,-0.60813,8,56.6017,,,,NaN,,,,0 / 0,75526,2022-03-16 14:08:33:370
-1.47483,10.1179,-0.18675,8,51.5433,,,,NaN,,,,0 / 0,76026,2022-03-16 14:08:33:870
-0.56982,9.51456,3.70144,8,51.4018,,,,NaN,,,,0 / 0,76526,2022-03-16 14:08:34:370
-1.70946,11.65497,5.08528,8,46.5665,,,,NaN,,,,0 / 0,77026,2022-03-16 14:08:34:870
-3.4285,5.96156,8.98783,8,58.3938,,,,NaN,,,,0 / 0,77526,2022-03-16 14:08:35:370
-2.13563,8.35098,3.5099,8,53.5096,,,,NaN,,,,0 / 0,78026,2022-03-16 14:08:35:870
3.69665,10.96066,-1.75256,8,48.3036,,,,NaN,,,,0 / 0,78526,2022-03-16 14:08:36:370
1.79565,12.35887,-6.14831,8,51.5197,,,,NaN,,,,0 / 0,79026,2022-03-16 14:08:36:870
0.5794,7.5992,5.48272,8,49.0127,,,,NaN,,,,0 / 0,79526,2022-03-16 14:08:37:370
-0.30167,3.72538,-1.25935,8,58.9598,,,,NaN,,,,0 / 0,80026,2022-03-16 14:08:37:870
0.9912,16.4338,3.86903,8,46.2637,,,,NaN,,,,0 / 0,80527,2022-03-16 14:08:38:371
0.19154,3.31836,-2.4373,8,59.122,,,,NaN,,,,0 / 0,81026,2022-03-16 14:08:38:870
1.35991,14.69082,4.71658,8,45.0928,,,,NaN,,,,0 / 0,81527,2022-03-16 14:08:39:371
-0.15323,7.33583,-0.69432,8,56.3384,,,,NaN,,,,0 / 0,82026,2022-03-16 14:08:39:870
0.70868,6.53617,0.5794,8,47.7861,,,,NaN,,,,0 / 0,82526,2022-03-16 14:08:40:370
1.87705,12.73715,5.40611,8,51.827,,,,NaN,,,,0 / 0,83026,2022-03-16 14:08:40:870
6.8953,7.15388,1.52271,8,47.0667,,,,NaN,,,,0 / 0,83526,2022-03-16 14:08:41:370
5.6982,9.9503,3.13162,8,45.676,,,,NaN,,,,0 / 0,84026,2022-03-16 14:08:41:870
-4.37181,9.10275,0.29688,8,58.0397,,,,NaN,,,,0 / 0,84526,2022-03-16 14:08:42:370
0.97205,9.05966,7.0629,8,52.4487,,,,NaN,,,,0 / 0,85026,2022-03-16 14:08:42:870
-1.29287,10.99417,4.57293,8,49.9915,,,,NaN,,,,0 / 0,85526,2022-03-16 14:08:43:370
-5.76045,10.35732,1.04387,8,51.9624,,,,NaN,,,,0 / 0,86026,2022-03-16 14:08:43:870
1.45567,9.54808,3.43807,8,47.7195,,,,NaN,,,,0 / 0,86526,2022-03-16 14:08:44:370
3.8403,9.90721,1.82438,8,46.3145,,,,NaN,,,,0 / 0,87026,2022-03-16 14:08:44:870
3.12683,10.19451,1.96803,8,42.9841,,,,NaN,,,,0 / 0,87526,2022-03-16 14:08:45:370
-3.18429,9.59596,-1.71904,8,60.2777,,,,NaN,,,,0 / 0,88026,2022-03-16 14:08:45:870
3.88818,7.87214,1.77171,8,46.2343,,,,NaN,,,,0 / 0,88526,2022-03-16 14:08:46:370
0.23942,8.25042,5.46836,8,44.7826,,,,NaN,,,,0 / 0,89026,2022-03-16 14:08:46:870
0.62249,8.33661,5.17626,8,42.6131,,,,NaN,,,,0 / 0,89526,2022-03-16 14:08:47:370
0.4118,8.66701,4.06535,8,45.4357,,,,NaN,,,,0 / 0,90026,2022-03-16 14:08:47:870
-0.56503,8.72447,4.70221,8,47.2772,,,,NaN,,,,0 / 0,90526,2022-03-16 14:08:48:370
-0.11492,8.73884,4.35745,8,45.4631,,,,NaN,,,,0 / 0,91026,2022-03-16 14:08:48:870
-0.16281,8.78193,4.46279,8,45.9559,,,,NaN,,,,0 / 0,91526,2022-03-16 14:08:49:370
-0.18196,8.91122,4.2138,8,45.6377,,,,NaN,,,,0 / 0,92026,2022-03-16 14:08:49:870
0.37828,8.96868,3.9648,8,47.5345,,,,NaN,,,,0 / 0,92527,2022-03-16 14:08:50:371
1.41258,9.02614,3.97437,8,44.5045,,,,NaN,,,,0 / 0,93026,2022-03-16 14:08:50:870
0.2059,9.88326,3.3854,8,49.4108,,,,NaN,,,,0 / 0,93526,2022-03-16 14:08:51:370
-0.00958,7.75243,6.10043,8,45.1288,,,,NaN,,,,0 / 0,94026,2022-03-16 14:08:51:870
0.45011,8.35576,0.79966,8,52.6262,,,,NaN,,,,0 / 0,94526,2022-03-16 14:08:52:370
0.23463,8.86333,3.17471,8,52.3651,,,,NaN,,,,0 / 0,95026,2022-03-16 14:08:52:870
4.2521,8.76278,4.19943,8,52.4827,,,,NaN,,,,0 / 0,95527,2022-03-16 14:08:53:371
0.71347,7.89129,4.74531,8,54.1572,,,,NaN,,,,0 / 0,96026,2022-03-16 14:08:53:870
-0.49799,6.11479,6.50265,8,44.8067,,,,NaN,,,,0 / 0,96526,2022-03-16 14:08:54:370
-0.82361,6.25366,7.69018,8,46.6219,,,,NaN,,,,0 / 0,97026,2022-03-16 14:08:54:870
-0.76136,6.52181,7.38372,8,47.2772,,,,NaN,,,,0 / 0,97526,2022-03-16 14:08:55:370
-0.82361,6.67982,7.42681,8,45.2327,,,,NaN,,,,0 / 0,98026,2022-03-16 14:08:55:870
-2.55701,7.42203,6.38773,8,48.0323,,,,NaN,,,,0 / 0,98526,2022-03-16 14:08:56:370
-1.92015,6.80432,7.10599,8,45.0666,,,,NaN,,,,0 / 0,99026,2022-03-16 14:08:56:870
-2.11169,6.9767,6.67982,8,44.308,,,,NaN,,,,0 / 0,99526,2022-03-16 14:08:57:370
-2.13084,7.0198,6.66546,8,50.2466,,,,NaN,,,,0 / 0,100026,2022-03-16 14:08:57:870
-2.30322,7.04853,6.47871,8,47.3486,,,,NaN,,,,0 / 0,100526,2022-03-16 14:08:58:370
-2.45166,7.12514,6.33027,8,46.2305,,,,NaN,,,,0 / 0,101026,2022-03-16 14:08:58:870
-2.41336,7.11078,6.27281,8,44.39,,,,NaN,,,,0 / 0,101526,2022-03-16 14:08:59:370
-2.3128,7.12514,6.39252,8,47.6739,,,,NaN,,,,0 / 0,102026,2022-03-16 14:08:59:870
-2.27928,7.04853,6.58405,8,44.81,,,,NaN,,,,0 / 0,102526,2022-03-16 14:09:00:370
-2.39899,7.05811,6.43561,8,44.8335,,,,NaN,,,,0 / 0,103026,2022-03-16 14:09:00:870
-2.17394,6.96234,6.7708,8,44.6575,,,,NaN,,,,0 / 0,103527,2022-03-16 14:09:01:371
-2.34153,6.98628,6.90488,8,45.8089,,,,NaN,,,,0 / 0,104026,2022-03-16 14:09:01:870
-4.51068,8.8777,5.53539,8,50.7471,,,,NaN,,,,0 / 0,104527,2022-03-16 14:09:02:371
0.35913,7.28316,4.18506,8,47.6774,,,,NaN,,,,0 / 0,105026,2022-03-16 14:09:02:870
-3.9217,3.49553,5.85143,8,49.0724,,,,NaN,,,,0 / 0,105526,2022-03-16 14:09:03:370
-3.64397,-1.43173,4.44364,8,64.1737,,,,NaN,,,,0 / 0,106026,2022-03-16 14:09:03:870
-0.05267,0.02394,9.68215,8,54.7101,,,,NaN,,,,0 / 0,106526,2022-03-16 14:09:04:370
0.05267,0.00958,9.79229,8,40.9638,,,,NaN,,,,0 / 0,107026,2022-03-16 14:09:04:870
0.06704,0.02873,9.77313,8,40.6697,,,,NaN,,,,0 / 0,107526,2022-03-16 14:09:05:370
0.07661,0.02394,9.80665,8,41.715,,,,NaN,,,,0 / 0,108026,2022-03-16 14:09:05:870
0.0431,0.04788,9.77313,8,42.5953,,,,NaN,,,,0 / 0,108526,2022-03-16 14:09:06:370
0.04788,0.02873,9.78271,8,48.4941,,,,NaN,,,,0 / 0,109026,2022-03-16 14:09:06:870
0.06225,0.01915,9.79707,8,49.1096,,,,NaN,,,,0 / 0,109526,2022-03-16 14:09:07:370
0.0814,0.01437,9.78271,8,47.8315,,,,NaN,,,,0 / 0,110026,2022-03-16 14:09:07:870
0.06225,0.01915,9.77792,8,47.1171,,,,NaN,,,,0 / 0,110526,2022-03-16 14:09:08:370
0.03352,0.02873,9.77792,8,47.7102,,,,NaN,,,,0 / 0,111026,2022-03-16 14:09:08:870
0.04788,0.02394,9.78271,8,48.4704,,,,NaN,,,,0 / 0,111526,2022-03-16 14:09:09:370
0.07661,0.02394,9.78271,8,48.4021,,,,NaN,,,,0 / 0,112026,2022-03-16 14:09:09:870
0.04788,0.02394,9.79229,8,49.446,,,,NaN,,,,0 / 0,112526,2022-03-16 14:09:10:370
0.04788,0.01437,9.77792,8,48.1201,,,,NaN,,,,0 / 0,113026,2022-03-16 14:09:10:870
0.06225,0.02394,9.77792,8,47.9005,,,,NaN,,,,0 / 0,113526,2022-03-16 14:09:11:370
0.06704,0.01915,9.80186,8,48.563,,,,NaN,,,,0 / 0,114026,2022-03-16 14:09:11:870
0.04788,0.02873,9.79229,8,48.8431,,,,NaN,,,,0 / 0,114526,2022-03-16 14:09:12:370
0.06225,0.03352,9.79229,8,47.9461,,,,NaN,,,,0 / 0,115026,2022-03-16 14:09:12:870
0.0431,0.02873,9.7875,8,46.9338,,,,NaN,,,,0 / 0,115526,2022-03-16 14:09:13:370
0.06225,0.01915,9.79229,8,46.9975,,,,NaN,,,,0 / 0,116026,2022-03-16 14:09:13:870
0.04788,0.01437,9.77792,8,47.2397,,,,NaN,,,,0 / 0,116527,2022-03-16 14:09:14:371
0.05267,0.02873,9.80186,8,47.2905,,,,NaN,,,,0 / 0,117026,2022-03-16 14:09:14:870
0.0431,0.03352,9.78271,8,47.2603,,,,NaN,,,,0 / 0,117526,2022-03-16 14:09:15:370
0.06225,0.01437,9.80186,8,47.3761,,,,NaN,,,,0 / 0,118026,2022-03-16 14:09:15:870
0.05267,0.00479,9.78271,8,47.3609,,,,NaN,,,,0 / 0,118526,2022-03-16 14:09:16:370
0.03831,-0.00958,9.79229,8,46.8842,,,,NaN,,,,0 / 0,119026,2022-03-16 14:09:16:870
0.05746,0.01437,9.79229,8,47.9565,,,,NaN,,,,0 / 0,119526,2022-03-16 14:09:17:370
0.02873,0.02394,9.7875,8,47.6445,,,,NaN,,,,0 / 0,120026,2022-03-16 14:09:17:870
0.06704,0.02394,9.80665,8,47.5106,,,,NaN,,,,0 / 0,120526,2022-03-16 14:09:18:370
0.03831,0.01437,9.7875,8,47.554,,,,NaN,,,,0 / 0,121026,2022-03-16 14:09:18:870
0.04788,0.03352,9.78271,8,47.7944,,,,NaN,,,,0 / 0,121526,2022-03-16 14:09:19:370
0.0431,0.01437,9.77792,8,48.9706,,,,NaN,,,,0 / 0,122027,2022-03-16 14:09:19:871
0.02873,0.03352,9.80186,8,49.6652,,,,NaN,,,,0 / 0,122526,2022-03-16 14:09:20:370
0.05267,0.01437,9.79229,8,46.6918,,,,NaN,,,,0 / 0,123026,2022-03-16 14:09:20:870
0.06704,0.01437,9.77792,8,46.2898,,,,NaN,,,,0 / 0,123526,2022-03-16 14:09:21:370
0.05746,0.03352,9.75877,8,46.5029,,,,NaN,,,,0 / 0,124026,2022-03-16 14:09:21:870
0.05746,0.01915,9.78271,8,46.7041,,,,NaN,,,,0 / 0,124526,2022-03-16 14:09:22:370
0.06225,0.02873,9.78271,8,46.7076,,,,NaN,,,,0 / 0,125026,2022-03-16 14:09:22:870
0.07183,0.02394,9.81144,8,46.8664,,,,NaN,,,,0 / 0,125526,2022-03-16 14:09:23:370
0.06225,0.02873,9.78271,8,47.5072,,,,NaN,,,,0 / 0,126026,2022-03-16 14:09:23:870
0.04788,0.01437,9.78271,8,46.7685,,,,NaN,,,,0 / 0,126526,2022-03-16 14:09:24:370
0.0431,0.00958,9.79707,8,46.7512,,,,NaN,,,,0 / 0,127026,2022-03-16 14:09:24:870
0.05267,0.0431,9.78271,8,47.4915,,,,NaN,,,,0 / 0,127526,2022-03-16 14:09:25:370
0.0431,0.00479,9.79229,8,47.1497,,,,NaN,,,,0 / 0,128026,2022-03-16 14:09:25:870
0.04788,0.02394,9.79707,8,47.139,,,,NaN,,,,0 / 0,128526,2022-03-16 14:09:26:370
0.07183,0.03831,9.79707,8,46.9194,,,,NaN,,,,0 / 0,129026,2022-03-16 14:09:26:870
0.06225,0.03831,9.7875,8,46.9739,,,,NaN,,,,0 / 0,129526,2022-03-16 14:09:27:370
0.05267,0.00958,9.77792,8,46.8656,,,,NaN,,,,0 / 0,130778,2022-03-16 14:09:28:622
0.05267,0.02394,9.76834,8,47.0639,,,,NaN,,,,0 / 0,131278,2022-03-16 14:09:29:122
0.06704,0.02394,9.79707,8,47.1855,,,,NaN,,,,0 / 0,131778,2022-03-16 14:09:29:622
0.02873,0.01437,9.76355,8,47.4916,,,,NaN,,,,0 / 0,132278,2022-03-16 14:09:30:122
0.02873,0.00958,9.79707,8,46.952,,,,NaN,,,,0 / 0,132777,2022-03-16 14:09:30:621
0.05746,0.02873,9.80186,8,47.1163,,,,NaN,,,,0 / 0,133277,2022-03-16 14:09:31:121
0.05267,0.03352,9.79229,8,47.4397,,,,NaN,,,,0 / 0,133777,2022-03-16 14:09:31:621
0.06225,0.03831,9.77313,8,47.6619,,,,NaN,,,,0 / 0,134277,2022-03-16 14:09:32:121
0.04788,0.0431,9.78271,8,47.2398,,,,NaN,,,,0 / 0,134777,2022-03-16 14:09:32:621
0.06225,0.03352,9.79229,8,47.0028,,,,NaN,,,,0 / 0,135278,2022-03-16 14:09:33:122
0.04788,0.03352,9.80186,8,47.1913,,,,NaN,,,,0 / 0,135778,2022-03-16 14:09:33:622
0.02873,0.00479,9.78271,8,46.7085,,,,NaN,,,,0 / 0,136278,2022-03-16 14:09:34:122
0.04788,0.0431,9.77313,8,46.9552,,,,NaN,,,,0 / 0,136778,2022-03-16 14:09:34:622
0.04788,0.0431,9.79229,8,46.8742,,,,NaN,,,,0 / 0,137278,2022-03-16 14:09:35:122
0.07661,0.01915,9.76834,8,46.4029,,,,NaN,,,,0 / 0,137778,2022-03-16 14:09:35:622
0.03831,0.01437,9.79707,8,47.0079,,,,NaN,,,,0 / 0,138278,2022-03-16 14:09:36:122
0.05746,0.01915,9.82102,8,46.7595,,,,NaN,,,,0 / 0,138778,2022-03-16 14:09:36:622
0.03831,0.0431,9.76355,8,46.8047,,,,NaN,,,,0 / 0,139278,2022-03-16 14:09:37:122
0.0431,0.01915,9.80186,8,46.7004,,,,NaN,,,,0 / 0,139778,2022-03-16 14:09:37:622
0.06225,0.00479,9.80665,8,46.6739,,,,NaN,,,,0 / 0,140277,2022-03-16 14:09:38:121
0.04788,0.03352,9.80665,8,46.9831,,,,NaN,,,,0 / 0,140777,2022-03-16 14:09:38:621
0.0431,0.01915,9.78271,8,47.211,,,,NaN,,,,0 / 0,141277,2022-03-16 14:09:39:121
0.05746,0.01915,9.79707,8,47.0147,,,,NaN,,,,0 / 0,141778,2022-03-16 14:09:39:622
0.05267,0.01915,9.79229,8,47.2554,,,,NaN,,,,0 / 0,142278,2022-03-16 14:09:40:122
0.04788,0.03831,9.79229,8,47.1537,,,,NaN,,,,0 / 0,142778,2022-03-16 14:09:40:622
0.06225,0.03352,9.79707,8,47.1487,,,,NaN,,,,0 / 0,143278,2022-03-16 14:09:41:122
0.05746,0.00958,9.77313,8,46.8164,,,,NaN,,,,0 / 0,143778,2022-03-16 14:09:41:622
0.04788,0.0431,9.78271,8,46.3056,,,,NaN,,,,0 / 0,144278,2022-03-16 14:09:42:122
0.06225,0.03352,9.78271,8,46.7168,,,,NaN,,,,0 / 0,144778,2022-03-16 14:09:42:622
0.03831,0.00958,9.7875,8,46.7889,,,,NaN,,,,0 / 0,145278,2022-03-16 14:09:43:122
0.07183,0.02394,9.77792,8,46.757,,,,NaN,,,,0 / 0,145777,2022-03-16 14:09:43:621
0.02873,0.02873,9.76834,8,47.0812,,,,NaN,,,,0 / 0,146277,2022-03-16 14:09:44:121
0.03831,-0.00479,9.76834,8,47.1248,,,,NaN,,,,0 / 0,146777,2022-03-16 14:09:44:621
0.05267,0.01437,9.78271,8,46.8574,,,,NaN,,,,0 / 0,147278,2022-03-16 14:09:45:122
0.03831,0.01915,9.77792,8,46.8727,,,,NaN,,,,0 / 0,147778,2022-03-16 14:09:45:622
0.02394,0.02873,9.78271,8,46.7523,,,,NaN,,,,0 / 0,148278,2022-03-16 14:09:46:122
0.05267,0.00479,9.77313,8,46.6297,,,,NaN,,,,0 / 0,148778,2022-03-16 14:09:46:622
0.04788,0.02394,9.80186,8,46.5933,,,,NaN,,,,0 / 0,149278,2022-03-16 14:09:47:122
0.05746,0.01915,9.77313,8,46.8581,,,,NaN,,,,0 / 0,149778,2022-03-16 14:09:47:622
0.07183,0.02873,9.79229,8,46.4847,,,,NaN,,,,0 / 0,150278,2022-03-16 14:09:48:122
0.05267,0.01915,9.80186,8,46.1343,,,,NaN,,,,0 / 0,150778,2022-03-16 14:09:48:622
0.05267,0.02394,9.78271,8,46.5622,,,,NaN,,,,0 / 0,151278,2022-03-16 14:09:49:122
0.05267,0.01915,9.80665,8,47.1541,,,,NaN,,,,0 / 0,151778,2022-03-16 14:09:49:622
0.05267,0.02394,9.81144,8,47.2745,,,,NaN,,,,0 / 0,152278,2022-03-16 14:09:50:122
0.04788,0.00479,9.7875,8,47.0151,,,,NaN,,,,0 / 0,152778,2022-03-16 14:09:50:622
0.06225,0.02394,9.77313,8,47.0833,,,,NaN,,,,0 / 0,153278,2022-03-16 14:09:51:122
0.06704,0.00958,9.7875,8,46.8855,,,,NaN,,,,0 / 0,153778,2022-03-16 14:09:51:622
0.07183,0.01915,9.80665,8,47.9768,,,,NaN,,,,0 / 0,154278,2022-03-16 14:09:52:122
0.03831,0.00479,9.81623,8,50.3164,,,,NaN,,,,0 / 0,154778,2022-03-16 14:09:52:622
0.05267,0.02873,9.78271,8,47.6535,,,,NaN,,,,0 / 0,155277,2022-03-16 14:09:53:121
0.07183,0.02873,9.80186,8,46.9172,,,,NaN,,,,0 / 0,155777,2022-03-16 14:09:53:621
0.03831,0.01915,9.79229,8,46.9063,,,,NaN,,,,0 / 0,156278,2022-03-16 14:09:54:122
0.05746,0.01437,9.80665,8,47.0864,,,,NaN,,,,0 / 0,156778,2022-03-16 14:09:54:622
0.03352,0.01915,9.76834,8,47.2394,,,,NaN,,,,0 / 0,157278,2022-03-16 14:09:55:122
0.04788,0.02394,9.77792,8,47.6254,,,,NaN,,,,0 / 0,157778,2022-03-16 14:09:55:622
0.04788,0.01915,9.80665,8,46.7401,,,,NaN,,,,0 / 0,158277,2022-03-16 14:09:56:121
0.03352,0.03831,9.80665,8,47.4506,,,,NaN,,,,0 / 0,158777,2022-03-16 14:09:56:621
0.06225,0.03352,9.80186,8,48.1284,,,,NaN,,,,0 / 0,159277,2022-03-16 14:09:57:121
0.05267,0.02873,9.79707,8,47.4,,,,NaN,,,,0 / 0,159777,2022-03-16 14:09:57:621
0.02873,0.00958,9.80665,8,47.1433,,,,NaN,,,,0 / 0,160278,2022-03-16 14:09:58:122
0.08619,0.0431,9.79229,8,47.2581,,,,NaN,,,,0 / 0,160778,2022-03-16 14:09:58:622
0.05746,0.01437,9.77792,8,49.8427,,,,NaN,,,,0 / 0,161278,2022-03-16 14:09:59:122
0.05746,0.02394,9.7875,8,50.5799,,,,NaN,,,,0 / 0,161778,2022-03-16 14:09:59:622
0.04788,0.03352,9.79707,8,47.8322,,,,NaN,,,,0 / 0,162278,2022-03-16 14:10:00:122
0.0431,0.01437,9.77792,8,47.2436,,,,NaN,,,,0 / 0,162778,2022-03-16 14:10:00:622
0.0431,-0.00958,9.77792,8,46.8232,,,,NaN,,,,0 / 0,163278,2022-03-16 14:10:01:122
0.07661,0.02873,9.7875,8,46.8776,,,,NaN,,,,0 / 0,163778,2022-03-16 14:10:01:622
0.05746,0.02873,9.78271,8,47.4505,,,,NaN,,,,0 / 0,164278,2022-03-16 14:10:02:122
0.05746,0.00479,9.80186,8,50.28,,,,NaN,,,,0 / 0,164778,2022-03-16 14:10:02:622
0.03831,0.00958,9.81144,8,46.9341,,,,NaN,,,,0 / 0,165278,2022-03-16 14:10:03:122
0.06225,0.00479,9.77792,8,46.8065,,,,NaN,,,,0 / 0,165778,2022-03-16 14:10:03:622
0.05746,0.00479,9.79707,8,47.4455,,,,NaN,,,,0 / 0,166278,2022-03-16 14:10:04:122
0.06704,0.00958,9.79707,8,47.8188,,,,NaN,,,,0 / 0,166777,2022-03-16 14:10:04:621
0.05267,0.02394,9.78271,8,47.5211,,,,NaN,,,,0 / 0,167277,2022-03-16 14:10:05:121
0.0431,0.00958,9.7875,8,50.6796,,,,NaN,,,,0 / 0,167777,2022-03-16 14:10:05:621
0.05746,0.0431,9.75877,8,49.1145,,,,NaN,,,,0 / 0,168277,2022-03-16 14:10:06:121
0.04788,-0.00479,9.80665,8,47.2019,,,,NaN,,,,0 / 0,168778,2022-03-16 14:10:06:622
0.07183,0.03352,9.77313,8,47.2879,,,,NaN,,,,0 / 0,169278,2022-03-16 14:10:07:122
0.04788,0.00479,9.80186,8,47.4292,,,,NaN,,,,0 / 0,169778,2022-03-16 14:10:07:622
0.06225,0.01915,9.80665,8,48.1101,,,,NaN,,,,0 / 0,170278,2022-03-16 14:10:08:122
0.06225,0.02394,9.79229,8,47.5603,,,,NaN,,,,0 / 0,170778,2022-03-16 14:10:08:622
0.0814,0.03352,9.80186,8,47.3809,,,,NaN,,,,0 / 0,171278,2022-03-16 14:10:09:122
0.02873,0.01437,9.80665,8,47.621,,,,NaN,,,,0 / 0,171778,2022-03-16 14:10:09:622
0.06225,0.00479,9.79707,8,47.4182,,,,NaN,,,,0 / 0,172278,2022-03-16 14:10:10:122
0.0431,0.00479,9.76834,8,46.8983,,,,NaN,,,,0 / 0,172778,2022-03-16 14:10:10:622
0.04788,0.03831,9.79229,8,47.3416,,,,NaN,,,,0 / 0,173278,2022-03-16 14:10:11:122
0.06704,0.00479,9.80186,8,47.1411,,,,NaN,,,,0 / 0,173777,2022-03-16 14:10:11:621
0.05746,0.00479,9.80186,8,47.6583,,,,NaN,,,,0 / 0,174278,2022-03-16 14:10:12:122
0.0431,0.00479,9.79229,8,47.6062,,,,NaN,,,,0 / 0,174778,2022-03-16 14:10:12:622
0.07661,0.04788,9.79229,8,47.391,,,,NaN,,,,0 / 0,175278,2022-03-16 14:10:13:122
0.02394,0.02394,9.7875,8,47.0282,,,,NaN,,,,0 / 0,175777,2022-03-16 14:10:13:621
0.06225,0.00958,9.78271,8,47.3353,,,,NaN,,,,0 / 0,176277,2022-03-16 14:10:14:121
0.05746,0.03352,9.77792,8,47.4285,,,,NaN,,,,0 / 0,176778,2022-03-16 14:10:14:622
0.05746,-0.00958,9.77792,8,46.7845,,,,NaN,,,,0 / 0,177278,2022-03-16 14:10:15:122
0.05267,0.01915,9.81144,8,47.039,,,,NaN,,,,0 / 0,177778,2022-03-16 14:10:15:622
0.05267,0.03352,9.77313,8,46.8048,,,,NaN,,,,0 / 0,178278,2022-03-16 14:10:16:122
0.04788,0.01437,9.78271,8,46.996,,,,NaN,,,,0 / 0,178778,2022-03-16 14:10:16:622
0.05746,0.03352,9.79229,8,47.0277,,,,NaN,,,,0 / 0,179278,2022-03-16 14:10:17:122
0.0431,0.03352,9.80186,8,46.5606,,,,NaN,,,,0 / 0,179778,2022-03-16 14:10:17:622
0.03831,0.01915,9.80186,8,47.365,,,,NaN,,,,0 / 0,180278,2022-03-16 14:10:18:122
0.06704,0.02394,9.80665,8,46.7058,,,,NaN,,,,0 / 0,180777,2022-03-16 14:10:18:621
0.04788,0.03352,9.77792,8,46.9877,,,,NaN,,,,0 / 0,181277,2022-03-16 14:10:19:121
0.03831,0.02394,9.78271,8,47.0352,,,,NaN,,,,0 / 0,181777,2022-03-16 14:10:19:621
0.03831,0.02394,9.7875,8,46.9224,,,,NaN,,,,0 / 0,182277,2022-03-16 14:10:20:121
0.0814,0.01437,9.7875,8,46.6339,,,,NaN,,,,0 / 0,182777,2022-03-16 14:10:20:621
0.05746,0.02873,9.79229,8,47.2193,,,,NaN,,,,0 / 0,183277,2022-03-16 14:10:21:121
0.07661,0.02873,9.78271,8,47.1063,,,,NaN,,,,0 / 0,183778,2022-03-16 14:10:21:622
0.03352,0.01915,9.80186,8,46.703,,,,NaN,,,,0 / 0,184278,2022-03-16 14:10:22:122
0.03831,0.01437,9.76834,8,46.875,,,,NaN,,,,0 / 0,184778,2022-03-16 14:10:22:622
0.05746,0.00479,9.80186,8,47.15,,,,NaN,,,,0 / 0,185278,2022-03-16 14:10:23:122
0.0431,0.00479,9.79229,8,46.893,,,,NaN,,,,0 / 0,185778,2022-03-16 14:10:23:622
0.04788,0.00958,9.7875,8,47.0794,,,,NaN,,,,0 / 0,186277,2022-03-16 14:10:24:121
0.06704,0.02394,9.79707,8,46.7655,,,,NaN,,,,0 / 0,186777,2022-03-16 14:10:24:621
0.05746,0.01915,9.77792,8,47.1348,,,,NaN,,,,0 / 0,187277,2022-03-16 14:10:25:121
0.05267,0.01437,9.7875,8,47.1213,,,,NaN,,,,0 / 0,187778,2022-03-16 14:10:25:622
0.04788,0.02873,9.7875,8,47.0642,,,,NaN,,,,0 / 0,188278,2022-03-16 14:10:26:122
0.06704,0.01915,9.77792,8,47.8053,,,,NaN,,,,0 / 0,188778,2022-03-16 14:10:26:622
0.07183,0.00479,9.78271,8,47.4535,,,,NaN,,,,0 / 0,189278,2022-03-16 14:10:27:122
0.0431,0.00958,9.79707,8,47.3887,,,,NaN,,,,0 / 0,189778,2022-03-16 14:10:27:622
0.06225,0.01437,9.77792,8,47.3218,,,,NaN,,,,0 / 0,190278,2022-03-16 14:10:28:122
0.06225,0.03352,9.76355,8,47.2578,,,,NaN,,,,0 / 0,190778,2022-03-16 14:10:28:622
0.07183,0.01437,9.79707,8,47.5804,,,,NaN,,,,0 / 0,191278,2022-03-16 14:10:29:122
0.06704,0.02873,9.75398,8,47.4535,,,,NaN,,,,0 / 0,191778,2022-03-16 14:10:29:622
0.06225,0.02394,9.80186,8,47.4154,,,,NaN,,,,0 / 0,192277,2022-03-16 14:10:30:121
0.06704,0.01915,9.77792,8,47.2803,,,,NaN,,,,0 / 0,192777,2022-03-16 14:10:30:621
0.07661,0.01437,9.79707,8,46.9221,,,,NaN,,,,0 / 0,193277,2022-03-16 14:10:31:121
0.03831,0.00479,9.80186,8,46.9852,,,,NaN,,,,0 / 0,193778,2022-03-16 14:10:31:622
0.0431,0.00958,9.79229,8,47.0437,,,,NaN,,,,0 / 0,194278,2022-03-16 14:10:32:122
0.04788,0.01915,9.79707,8,46.8933,,,,NaN,,,,0 / 0,194778,2022-03-16 14:10:32:622
0.07661,-0.00479,9.79229,8,47.3875,,,,NaN,,,,0 / 0,195278,2022-03-16 14:10:33:122
0.04788,0.02394,9.7875,8,47.7074,,,,NaN,,,,0 / 0,195778,2022-03-16 14:10:33:622
0.06704,0.02873,9.80665,8,47.5825,,,,NaN,,,,0 / 0,196278,2022-03-16 14:10:34:122
0.02394,0.01437,9.75877,8,47.3204,,,,NaN,,,,0 / 0,196778,2022-03-16 14:10:34:622
0.05746,0.02394,9.78271,8,47.4551,,,,NaN,,,,0 / 0,197277,2022-03-16 14:10:35:121
0.04788,0.01915,9.77792,8,46.9041,,,,NaN,,,,0 / 0,197777,2022-03-16 14:10:35:621
0.0431,0.01915,9.79707,8,47.2566,,,,NaN,,,,0 / 0,198278,2022-03-16 14:10:36:122
0.0431,0.04788,9.7875,8,47.1723,,,,NaN,,,,0 / 0,198778,2022-03-16 14:10:36:622
0.07183,0.00958,9.79229,8,47.2785,,,,NaN,,,,0 / 0,199278,2022-03-16 14:10:37:122
0.03831,0.03352,9.77792,8,47.4013,,,,NaN,,,,0 / 0,199778,2022-03-16 14:10:37:622
0.05267,0.02873,9.78271,8,47.6048,,,,NaN,,,,0 / 0,200278,2022-03-16 14:10:38:122
0.07183,0.03831,9.77313,8,47.4508,,,,NaN,,,,0 / 0,200777,2022-03-16 14:10:38:621
0.05267,0.03352,9.78271,8,47.6725,,,,NaN,,,,0 / 0,201277,2022-03-16 14:10:39:121
0.04788,0.00958,9.77792,8,47.4199,,,,NaN,,,,0 / 0,201777,2022-03-16 14:10:39:621
0.06225,0.01437,9.7875,8,47.4175,,,,NaN,,,,0 / 0,202277,2022-03-16 14:10:40:121
0.06225,0.02394,9.79707,8,47.1894,,,,NaN,,,,0 / 0,202777,2022-03-16 14:10:40:621
0.0814,0.02394,9.78271,8,47.6045,,,,NaN,,,,0 / 0,203277,2022-03-16 14:10:41:121
0.05746,0.01915,9.81144,8,47.4983,,,,NaN,,,,0 / 0,203777,2022-03-16 14:10:41:621
0.05267,0.02394,9.7875,8,47.3205,,,,NaN,,,,0 / 0,204277,2022-03-16 14:10:42:121
0.05746,0.03831,9.76355,8,47.5562,,,,NaN,,,,0 / 0,204778,2022-03-16 14:10:42:622
0.05267,0.00958,9.78271,8,47.3567,,,,NaN,,,,0 / 0,205278,2022-03-16 14:10:43:122
0.04788,0.01437,9.80186,8,47.406,,,,NaN,,,,0 / 0,205778,2022-03-16 14:10:43:622
0.03831,0.00958,9.7875,8,47.0781,,,,NaN,,,,0 / 0,206278,2022-03-16 14:10:44:122
0.05267,0.02873,9.79707,8,46.9048,,,,NaN,,,,0 / 0,206778,2022-03-16 14:10:44:622
0.04788,-0.01437,9.7875,8,47.3735,,,,NaN,,,,0 / 0,207278,2022-03-16 14:10:45:122
0.05746,0.00958,9.78271,8,46.3515,,,,NaN,,,,0 / 0,207778,2022-03-16 14:10:45:622
0.05746,0.05267,9.76355,8,46.5012,,,,NaN,,,,0 / 0,208278,2022-03-16 14:10:46:122
0.04788,0.02873,9.7875,8,47.0114,,,,NaN,,,,0 / 0,208778,2022-03-16 14:10:46:622
0.07183,0.00479,9.78271,8,47.6303,,,,NaN,,,,0 / 0,209278,2022-03-16 14:10:47:122
0.05746,0.03352,9.80186,8,47.0334,,,,NaN,,,,0 / 0,209778,2022-03-16 14:10:47:622
0.05267,0.01437,9.81144,8,46.7727,,,,NaN,,,,0 / 0,210278,2022-03-16 14:10:48:122
0.07183,0.02394,9.79229,8,46.7782,,,,NaN,,,,0 / 0,210777,2022-03-16 14:10:48:621
0.05267,0.02873,9.76355,8,46.8273,,,,NaN,,,,0 / 0,211278,2022-03-16 14:10:49:122
0.0431,0.02394,9.81144,8,47.1348,,,,NaN,,,,0 / 0,211778,2022-03-16 14:10:49:622
0.03352,0.01915,9.82102,8,46.7176,,,,NaN,,,,0 / 0,212278,2022-03-16 14:10:50:122
0.03352,0.00958,9.79229,8,47.2287,,,,NaN,,,,0 / 0,212778,2022-03-16 14:10:50:622
0.06704,0.00958,9.78271,8,47.3041,,,,NaN,,,,0 / 0,213278,2022-03-16 14:10:51:122
0.06704,0.00958,9.80665,8,47.2543,,,,NaN,,,,0 / 0,213778,2022-03-16 14:10:51:622
0.10056,0.01915,9.83059,8,47.1095,,,,NaN,,,,0 / 0,214278,2022-03-16 14:10:52:122
0.06225,0.03831,9.78271,8,47.1891,,,,NaN,,,,0 / 0,214778,2022-03-16 14:10:52:622
0.04788,0.02873,9.80186,8,46.7848,,,,NaN,,,,0 / 0,215277,2022-03-16 14:10:53:121
0.0814,0.00479,9.76834,8,47.2258,,,,NaN,,,,0 / 0,215777,2022-03-16 14:10:53:621
0.05746,0.02394,9.75877,8,47.0119,,,,NaN,,,,0 / 0,216277,2022-03-16 14:10:54:121
0.0431,0.01437,9.78271,8,46.3716,,,,NaN,,,,0 / 0,216777,2022-03-16 14:10:54:621
0.06225,0.02394,9.79229,8,46.7487,,,,NaN,,,,0 / 0,217278,2022-03-16 14:10:55:122
0.04788,0.0431,9.81144,8,47.1254,,,,NaN,,,,0 / 0,217778,2022-03-16 14:10:55:622
0.0814,0.02873,9.80186,8,46.8005,,,,NaN,,,,0 / 0,218277,2022-03-16 14:10:56:121
0.06225,0.00958,9.78271,8,46.7802,,,,NaN,,,,0 / 0,218777,2022-03-16 14:10:56:621
0.05746,0.03352,9.77313,8,46.925,,,,NaN,,,,0 / 0,219278,2022-03-16 14:10:57:122
0.06225,0.01915,9.75877,8,47.6959,,,,NaN,,,,0 / 0,219777,2022-03-16 14:10:57:621
0.04788,0.01437,9.76834,8,47.1663,,,,NaN,,,,0 / 0,220277,2022-03-16 14:10:58:121
0.06225,0.01437,9.79707,8,47.4502,,,,NaN,,,,0 / 0,220777,2022-03-16 14:10:58:621
0.0431,0.00479,9.7875,8,47.3131,,,,NaN,,,,0 / 0,221277,2022-03-16 14:10:59:121
0.06225,0.02394,9.7875,8,47.2845,,,,NaN,,,,0 / 0,221778,2022-03-16 14:10:59:622
0.05267,0.03831,9.7875,8,47.4911,,,,NaN,,,,0 / 0,222278,2022-03-16 14:11:00:122
0.05746,0.02873,9.76834,8,48.9387,,,,NaN,,,,0 / 0,222778,2022-03-16 14:11:00:622
0.05746,0.02394,9.77792,8,47.682,,,,NaN,,,,0 / 0,223278,2022-03-16 14:11:01:122
0.02394,0.01437,9.78271,8,46.6757,,,,NaN,,,,0 / 0,223778,2022-03-16 14:11:01:622
0.03831,0.02873,9.77792,8,47.3039,,,,NaN,,,,0 / 0,224278,2022-03-16 14:11:02:122
0.04788,0.03831,9.80665,8,47.1159,,,,NaN,,,,0 / 0,224777,2022-03-16 14:11:02:621
0.07183,0.00479,9.76834,8,46.7771,,,,NaN,,,,0 / 0,225278,2022-03-16 14:11:03:122
0.07661,0.02873,9.77792,8,47.1479,,,,NaN,,,,0 / 0,225778,2022-03-16 14:11:03:622
0.05267,0.01915,9.77792,8,47.0539,,,,NaN,,,,0 / 0,226278,2022-03-16 14:11:04:122
0.05267,0.02394,9.80186,8,46.8888,,,,NaN,,,,0 / 0,226777,2022-03-16 14:11:04:621
0.05267,0.00958,9.79707,8,46.5087,,,,NaN,,,,0 / 0,227278,2022-03-16 14:11:05:122
0.03352,0.01915,9.80665,8,46.6786,,,,NaN,,,,0 / 0,227778,2022-03-16 14:11:05:622
0.04788,0.01915,9.82102,8,46.9121,,,,NaN,,,,0 / 0,228277,2022-03-16 14:11:06:121
0.06704,0.00479,9.80186,8,47.1707,,,,NaN,,,,0 / 0,228778,2022-03-16 14:11:06:622
0.03831,0.02873,9.77313,8,47.2157,,,,NaN,,,,0 / 0,229278,2022-03-16 14:11:07:122
0.0814,0.03352,9.7875,8,47.1903,,,,NaN,,,,0 / 0,229778,2022-03-16 14:11:07:622
0.05746,0.01915,9.77792,8,47.0593,,,,NaN,,,,0 / 0,230278,2022-03-16 14:11:08:122
0.03831,0.02873,9.80665,8,46.9931,,,,NaN,,,,0 / 0,230777,2022-03-16 14:11:08:621
0.04788,0.02873,9.79707,8,48.3386,,,,NaN,,,,0 / 0,231277,2022-03-16 14:11:09:121
0.02873,0.01915,9.78271,8,49.1043,,,,NaN,,,,0 / 0,231778,2022-03-16 14:11:09:622
0.06704,0.02394,9.79707,8,47.3528,,,,NaN,,,,0 / 0,232278,2022-03-16 14:11:10:122
0.05746,0.03352,9.79707,8,47.0472,,,,NaN,,,,0 / 0,232778,2022-03-16 14:11:10:622
0.04788,0.01915,9.77792,8,47.5255,,,,NaN,,,,0 / 0,233278,2022-03-16 14:11:11:122
0.06225,0.03831,9.79229,8,47.6165,,,,NaN,,,,0 / 0,233778,2022-03-16 14:11:11:622
0.0431,0.00958,9.80186,8,47.4246,,,,NaN,,,,0 / 0,234277,2022-03-16 14:11:12:121
0.02873,0.02394,9.77313,8,48.3262,,,,NaN,,,,0 / 0,234778,2022-03-16 14:11:12:622
0.06225,0.00479,9.79229,8,47.7277,,,,NaN,,,,0 / 0,235278,2022-03-16 14:11:13:122
0.05267,0.00958,9.79707,8,47.2927,,,,NaN,,,,0 / 0,235778,2022-03-16 14:11:13:622
0.05267,0.01915,9.79229,8,47.4167,,,,NaN,,,,0 / 0,236278,2022-03-16 14:11:14:122
0.0431,0.01437,9.78271,8,47.6786,,,,NaN,,,,0 / 0,236777,2022-03-16 14:11:14:621
0.06225,0.02394,9.80186,8,47.4402,,,,NaN,,,,0 / 0,237277,2022-03-16 14:11:15:121
0.07661,0.01437,9.80186,8,47.9372,,,,NaN,,,,0 / 0,237777,2022-03-16 14:11:15:621
0.0431,0.01437,9.80186,8,48.0826,,,,NaN,,,,0 / 0,238277,2022-03-16 14:11:16:121
0.05267,0.02394,9.79229,8,48.6754,,,,NaN,,,,0 / 0,238777,2022-03-16 14:11:16:621
0.0431,0.00958,9.77313,8,47.6045,,,,NaN,,,,0 / 0,239278,2022-03-16 14:11:17:122
0.05267,0.02873,9.80665,8,47.6146,,,,NaN,,,,0 / 0,239778,2022-03-16 14:11:17:622
0.02873,0.00479,9.79229,8,47.8506,,,,NaN,,,,0 / 0,240278,2022-03-16 14:11:18:122
0.05267,0.01437,9.7875,8,47.4485,,,,NaN,,,,0 / 0,240778,2022-03-16 14:11:18:622
6.38773,-6.47871,9.23204,8,51.5288,,,,NaN,,,,0 / 0,241278,2022-03-16 14:11:19:122
1.9824,-0.98162,4.52025,8,57.619,,,,NaN,,,,0 / 0,241778,2022-03-16 14:11:19:622
2.60489,4.63039,7.98227,8,42.7978,,,,NaN,,,,0 / 0,242277,2022-03-16 14:11:20:121
3.17471,6.83305,7.92481,8,42.7339,,,,NaN,,,,0 / 0,242777,2022-03-16 14:11:20:621
0.85712,5.34865,9.18416,8,46.4334,,,,NaN,,,,0 / 0,243278,2022-03-16 14:11:21:122
0.06704,4.23295,9.02135,8,42.5761,,,,NaN,,,,0 / 0,243778,2022-03-16 14:11:21:622
0.37828,4.19943,8.86333,8,56.7084,,,,NaN,,,,0 / 0,244277,2022-03-16 14:11:22:121
0.38786,4.94163,7.67581,8,43.3992,,,,NaN,,,,0 / 0,244778,2022-03-16 14:11:22:622
-0.41659,4.90811,9.61511,8,43.6635,,,,NaN,,,,0 / 0,245278,2022-03-16 14:11:23:122
-0.12929,5.50188,8.34619,8,43.4547,,,,NaN,,,,0 / 0,245777,2022-03-16 14:11:23:621
